"Id";"Designator";"Package";"Quantity";"Designation";"Supplier and ref";
1;"K13,K14,K12,K9,K10,K11,K8,K7,K6,K4,K3,K1,K5,K104,K103,K86,K84,K82,K83,K81,K80,K79,K78,K77,K76,K66,K75,K63,K61,K59,K64,K62,K58,K60,K57,K45,K20,K46,K25,K30,K28,K24,K43,K47,K41,K40,K23,K27,K26,K42,K56,K22,K65,K19,K31,K29,K21,K39,K44,K49,K38,K107,K106,K17,K16,K15,K89,K87,K88,K70,K71,K69,K51,K34,K36,K35,K18,K53,K52";"Hotswap-1.00U";79;"KEYSW";;;
2;"K101,K100,K92,K33,K67,K74";"CHERRY_PLATE_100H";6;"KEYSW";;;
3;"K73,K68";"Hotswap-2.25U";2;"KEYSW";;;
4;"K97,K97-2,K97-3";"CHERRY_PCB_625H";3;"KEYSW";;;
5;"K102,K91,K93,K73-1,K55-2,K93-3,K92-2";"CHERRY_PLATE_125H";7;"KEYSW";;;
6;"K85";"Hotswap-1.75U";1;"KEYSW";;;
7;"K50,K102-2,K93-2,K100-2,K91-2";"CHERRY_PLATE_150H";5;"KEYSW";;;
8;"K37";"Hotswap-1.5";1;"KEYSW";;;
9;"K55";"CHERRY_PLATE_175H";1;"KEYSW";;;
10;"REF**,REF**,REF**,REF**,REF**,REF**,REF**,REF**,REF**,REF**,REF**,REF**,REF**,REF**";"plate_mount";14;"plate_mount";;;
11;"K48,K105";"Hotswap-1.00U";2;"1U";;;
12;"REF**";"plate_mount_tht";1;"plate_mount_tht";;;
13;"K68-1";"CHERRY_PCB_200H_V";1;"KEYSW";;;
14;"K32,K54,K90";"Hotswap-2.0U";3;"KEYSW";;;
15;"L2,L3,L1,L1";"LED_D3.0mm";4;"LED";;;
16;",,,,,,,,,";"";10;"";;;
17;"C103,C104,C105,C106";"C_0805";4;"0.1u";;;
18;"C107";"C_0805";1;"4.7u";;;
19;"F1";"R_0805";1;"500mA, 1A";;;
20;"J2";"isp_standard";1;"ISP";;;
21;"R104,R105";"R_0805";2;"10k";;;
22;"SW1";"SW_SPST_TL3342";1;"Reset";;;
23;"U2";"USBLC6-2SC6";1;"USBLC6-2SC6";;;
24;"D8,D16,D42,D24,D19,D12,D41,D32,D17,D39,D27,D38,D34,D30,D21,D15,D26,D23,D13,D7,D28,D22,D14,D33,D29,D37,D31,D25,D11,D20,D9,D18,D35,D106,D93,D91,D105,D90,D92,D89,D101,D97,D87,D84,D81,D79,D78,D75,D70,D59,D65,D64,D48,D57,D62,D61,D43,D53,D73,D63,D107,D85,D82,D68,D80,D52,D46,D44,D77,D55,D54,D50,D58,D69,D45,D88,D86,D83,D60,D47,D76,D71,D66,D56,D6,D1,D5,D4,D3,D10,D67,D74,D103,D104,D51,D36,D40,D100,D102,D49";"D_0805";100;"D";;;
25;"J1";"PinHeader_2x05_P2.00mm_Vertical_SMD";1;"USB";;;
26;"R101,R102";"R_0805";2;"22";;;
27;"U1";"ATMEGA32U4";1;"ATmega32U4";;;
28;"X1";"Resonator_SMD_muRata_CSTNExxV-3Pin-p1.2";1;"CSTNE16M0V530000R0";;;
29;"R1,R2,R3";"R_0805";3;"1k";;;
30;"C101";"C_0805";1;"1u";;;
31;"G***";"oshw";1;"LOGO";;;
32;"G***";"logo_new";1;"LOGO";;;
